Post_ID,Date,Doctor_ID,Specialty,Topic,Content_Type,Reach,Likes,Comments,Shares,Saves,CTA,Total_Engagement,Engagement_Rate,Engagement_per_1K_Reach
P0001,2025-10-05,D006,Pediatrics,Immunity,Educational Post,4019,180,21,17,39,Read More,257,6.394625528738492,63.946255287384915
P0002,2025-01-03,D016,Dermatology,Acne,Reel/Video,3503,179,20,33,37,Read More,269,7.679132172423637,76.79132172423637
P0003,2025-07-13,D007,Pediatrics,Newborn Care,Static Post,3536,216,23,29,35,Save Post,303,8.569004524886878,85.69004524886878
P0004,2025-05-12,D024,Cardiology,Heart Attack,Static Post,3854,182,17,29,32,Learn More,260,6.7462376751427096,67.46237675142709
P0005,2025-12-24,D003,Diabetology,Blood Sugar,Reel/Video,5350,281,36,41,63,Book Appointment,421,7.869158878504673,78.69158878504673
P0006,2025-07-11,D002,Diabetology,HbA1c,Reel/Video,3141,149,20,22,23,Save Post,214,6.813116841770136,68.13116841770136
P0007,2025-05-22,D011,Neurology,Stroke,Carousel,2030,115,5,17,30,Learn More,167,8.226600985221674,82.26600985221674
P0008,2025-08-22,D018,Dermatology,Sunscreen,Educational Post,7984,462,47,62,81,Learn More,652,8.16633266533066,81.66332665330661
P0009,2025-06-15,D013,Neurology,Headache,Static Post,2800,76,10,12,21,Learn More,119,4.25,42.5
P0010,2025-03-23,D027,General Medicine,Weight Loss,Educational Post,1071,34,3,1,6,No CTA,44,4.1083099906629315,41.08309990662932
P0011,2025-10-03,D006,Pediatrics,Newborn Care,Carousel,5572,218,35,28,39,Save Post,320,5.7430007178750895,57.43000717875089
P0012,2025-03-23,D030,General Medicine,Dehydration,Carousel,3989,234,21,23,41,No CTA,319,7.996991727249937,79.96991727249937
P0013,2025-11-01,D027,General Medicine,Fever,Flyer,2966,139,20,24,37,Contact Doctor,220,7.417397167902899,74.173971679029
P0014,2025-06-09,D029,General Medicine,Immunity,Carousel,2830,155,17,27,33,Contact Doctor,232,8.197879858657243,81.97879858657244
P0015,2025-03-22,D026,General Medicine,Vitamin Deficiency,Reel/Video,3621,142,23,17,40,Contact Doctor,222,6.130903065451532,61.309030654515325
P0016,2025-05-03,D017,Dermatology,Sunscreen,Carousel,3870,163,19,16,23,No CTA,221,5.710594315245478,57.10594315245478
P0017,2025-01-16,D010,Pediatrics,Fever,Flyer,3785,248,19,30,37,Save Post,334,8.82430647291942,88.24306472919419
P0018,2025-07-07,D001,Diabetology,HbA1c,Educational Post,2786,76,13,11,17,No CTA,117,4.1995692749461595,41.99569274946159
P0019,2025-12-21,D006,Pediatrics,Fever,Carousel,1008,45,5,5,4,Contact Doctor,59,5.853174603174603,58.53174603174603
P0020,2025-04-21,D001,Diabetology,Blood Sugar,Static Post,4584,99,14,12,20,No CTA,145,3.1631762652705064,31.631762652705063
P0021,2025-01-17,D024,Cardiology,Heart Health,Carousel,1785,82,6,17,14,Read More,119,6.666666666666667,66.66666666666667
P0022,2025-10-12,D008,Pediatrics,Fever,Static Post,5248,400,31,50,65,No CTA,546,10.403963414634147,104.03963414634146
P0023,2025-01-09,D016,Dermatology,Sunscreen,Reel/Video,4533,354,49,43,53,No CTA,499,11.00816236487977,110.0816236487977
P0024,2025-12-09,D028,General Medicine,Fever,Static Post,4586,130,14,15,16,Learn More,175,3.815961622328827,38.15961622328827
P0025,2025-11-11,D002,Diabetology,Insulin,Static Post,4559,212,24,43,46,No CTA,325,7.128756306207501,71.28756306207501
P0026,2025-10-21,D024,Cardiology,Blood Pressure,Educational Post,7778,285,33,37,53,Read More,408,5.245564412445359,52.45564412445359
P0027,2025-11-08,D001,Diabetology,HbA1c,Carousel,4896,185,22,35,48,Contact Doctor,290,5.923202614379084,59.23202614379085
P0028,2025-05-10,D016,Dermatology,Sunscreen,Carousel,4616,291,41,38,59,Save Post,429,9.293760831889083,92.93760831889082
P0029,2025-07-27,D017,Dermatology,Skin Allergy,Educational Post,2103,121,18,17,30,Read More,186,8.84450784593438,88.44507845934379
P0030,2025-01-17,D023,Cardiology,Heart Health,Carousel,3303,142,14,17,19,No CTA,192,5.812897366030881,58.12897366030881
P0031,2025-08-06,D027,General Medicine,Immunity,Carousel,9017,467,63,61,82,No CTA,673,7.463679716091827,74.63679716091826
P0032,2025-09-10,D017,Dermatology,Hair Loss,Static Post,3803,48,6,6,16,Book Appointment,76,1.998422298185643,19.98422298185643
P0033,2025-02-08,D004,Diabetology,Insulin,Flyer,5016,212,24,23,43,Learn More,302,6.020733652312599,60.207336523125996
P0034,2025-04-11,D011,Neurology,Headache,Carousel,2288,91,9,13,20,Book Appointment,133,5.812937062937063,58.129370629370634
P0035,2025-03-26,D014,Neurology,Headache,Flyer,4078,144,18,19,35,Save Post,216,5.29671407552722,52.9671407552722
P0036,2025-12-11,D017,Dermatology,Eczema,Reel/Video,1512,54,9,9,7,Read More,79,5.224867724867725,52.24867724867725
P0037,2025-06-22,D016,Dermatology,Eczema,Static Post,1373,67,8,8,11,Book Appointment,94,6.846321922796796,68.46321922796795
P0038,2025-02-20,D019,Dermatology,Sunscreen,Reel/Video,1702,67,7,11,15,Learn More,100,5.875440658049354,58.75440658049354
P0039,2025-05-28,D020,Dermatology,Sunscreen,Flyer,4627,92,7,12,11,Contact Doctor,122,2.6366976442619405,26.366976442619407
P0040,2025-03-21,D001,Diabetology,Diabetic Diet,Reel/Video,3568,182,22,18,31,Learn More,253,7.0908071748878925,70.90807174887892
P0041,2025-12-16,D027,General Medicine,Vitamin Deficiency,Carousel,1786,85,8,6,24,Learn More,123,6.886898096304591,68.86898096304591
P0042,2025-12-25,D020,Dermatology,Skin Allergy,Static Post,3556,181,22,20,31,Book Appointment,254,7.142857142857142,71.42857142857143
P0043,2025-03-16,D010,Pediatrics,Child Nutrition,Carousel,1945,88,16,10,19,Read More,133,6.838046272493574,68.38046272493574
P0044,2025-10-28,D026,General Medicine,Weight Loss,Carousel,1934,94,10,12,9,Book Appointment,125,6.463288521199587,64.63288521199587
P0045,2025-04-17,D019,Dermatology,Sunscreen,Flyer,3974,112,18,15,23,Learn More,168,4.227478610971314,42.27478610971313
P0046,2025-02-23,D007,Pediatrics,Child Nutrition,Reel/Video,6729,385,33,53,89,Contact Doctor,560,8.322187546440778,83.22187546440779
P0047,2025-09-28,D002,Diabetology,Insulin,Educational Post,3470,95,11,15,22,Read More,143,4.121037463976945,41.210374639769455
P0048,2025-07-25,D025,Cardiology,Heart Attack,Reel/Video,3001,189,29,35,33,Read More,286,9.530156614461847,95.30156614461846
P0049,2025-12-05,D002,Diabetology,Diabetic Diet,Flyer,3643,228,23,32,39,No CTA,322,8.838869063958278,88.38869063958276
P0050,2025-12-14,D020,Dermatology,Hair Loss,Flyer,3431,67,9,11,10,No CTA,97,2.8271640921014285,28.27164092101428
P0051,2025-03-26,D026,General Medicine,Fever,Carousel,6902,281,28,40,47,Save Post,396,5.737467400753405,57.37467400753405
P0052,2025-09-21,D020,Dermatology,Sunscreen,Static Post,4660,157,12,31,29,No CTA,229,4.914163090128755,49.14163090128755
P0053,2025-08-11,D012,Neurology,Sleep,Carousel,9541,442,45,42,75,Save Post,604,6.330573315166125,63.30573315166126
P0054,2025-12-24,D010,Pediatrics,Newborn Care,Static Post,2013,113,21,8,22,Learn More,164,8.147044212617983,81.47044212617983
P0055,2025-10-21,D003,Diabetology,Diabetes,Reel/Video,3897,220,25,24,37,Contact Doctor,306,7.852193995381063,78.52193995381063
P0056,2025-06-02,D025,Cardiology,Cholesterol,Reel/Video,4037,192,18,25,32,Learn More,267,6.613822145157296,66.13822145157296
P0057,2025-01-25,D016,Dermatology,Sunscreen,Flyer,5875,175,17,20,26,Save Post,238,4.051063829787234,40.51063829787234
P0058,2025-08-26,D013,Neurology,Sleep,Reel/Video,2635,129,13,11,27,Book Appointment,180,6.83111954459203,68.3111954459203
P0059,2025-06-24,D028,General Medicine,Vitamin Deficiency,Static Post,3296,103,16,19,26,Save Post,164,4.975728155339806,49.75728155339806
P0060,2025-01-12,D026,General Medicine,Weight Loss,Carousel,2387,138,15,15,29,Contact Doctor,197,8.25303728529535,82.5303728529535
P0061,2025-02-17,D011,Neurology,Headache,Carousel,3313,75,5,13,10,Book Appointment,103,3.108964684575913,31.08964684575913
P0062,2025-08-06,D030,General Medicine,Fever,Reel/Video,3144,179,18,23,27,Learn More,247,7.856234096692112,78.56234096692113
P0063,2025-12-23,D011,Neurology,Memory,Flyer,3814,162,28,25,19,Learn More,234,6.135291033036182,61.35291033036182
P0064,2025-10-27,D027,General Medicine,Dehydration,Flyer,4670,225,26,36,40,Learn More,327,7.002141327623127,70.02141327623127
P0065,2025-02-13,D014,Neurology,Headache,Reel/Video,2040,48,7,3,14,Learn More,72,3.5294117647058822,35.294117647058826
P0066,2025-03-08,D028,General Medicine,Vitamin Deficiency,Flyer,5284,248,27,21,39,Contact Doctor,335,6.339894019682059,63.39894019682059
P0067,2025-06-19,D020,Dermatology,Eczema,Static Post,6257,275,39,32,43,Read More,389,6.217036918651111,62.17036918651111
P0068,2025-09-06,D023,Cardiology,Heart Health,Educational Post,1591,90,7,6,20,Contact Doctor,123,7.730986800754243,77.30986800754243
P0069,2025-09-11,D003,Diabetology,Blood Sugar,Carousel,4350,149,18,21,28,Book Appointment,216,4.9655172413793105,49.6551724137931
P0070,2025-01-25,D025,Cardiology,Cholesterol,Carousel,4757,199,12,31,32,Learn More,274,5.759932730712634,57.59932730712634
P0071,2025-01-25,D019,Dermatology,Sunscreen,Educational Post,4717,173,20,18,23,Save Post,234,4.960780156879372,49.607801568793725
P0072,2025-06-18,D029,General Medicine,Weight Loss,Static Post,1893,50,9,6,10,Contact Doctor,75,3.9619651347068143,39.61965134706814
P0073,2025-04-26,D025,Cardiology,Heart Attack,Reel/Video,5801,349,49,38,60,No CTA,496,8.550249956903983,85.50249956903983
P0074,2025-11-22,D017,Dermatology,Hair Loss,Carousel,2075,105,14,12,21,Learn More,152,7.325301204819278,73.25301204819277
P0075,2025-06-22,D006,Pediatrics,Child Nutrition,Flyer,1631,52,8,6,9,Save Post,75,4.598405885959534,45.98405885959534
P0076,2025-08-06,D023,Cardiology,ECG,Educational Post,2814,113,7,13,24,Book Appointment,157,5.579246624022743,55.792466240227434
P0077,2025-06-20,D014,Neurology,Migraine,Carousel,3303,166,18,15,31,Read More,230,6.963366636391159,69.63366636391159
P0078,2025-03-10,D013,Neurology,Migraine,Flyer,2924,117,10,13,21,Read More,161,5.506155950752394,55.061559507523945
P0079,2025-10-24,D023,Cardiology,Blood Pressure,Static Post,6083,251,28,36,37,No CTA,352,5.786618444846293,57.866184448462924
P0080,2025-01-11,D027,General Medicine,Dehydration,Carousel,4319,147,15,20,29,Read More,211,4.885390136605696,48.85390136605696
P0081,2025-06-01,D005,Diabetology,Insulin,Static Post,8211,355,46,52,74,Book Appointment,527,6.418219461697723,64.18219461697723
P0082,2025-06-04,D022,Cardiology,ECG,Reel/Video,4224,181,22,24,42,Learn More,269,6.368371212121213,63.683712121212125
P0083,2025-03-15,D023,Cardiology,Heart Health,Flyer,5960,284,28,37,51,Save Post,400,6.7114093959731544,67.11409395973155
P0084,2025-02-09,D023,Cardiology,Heart Health,Educational Post,1605,58,13,5,10,Save Post,86,5.358255451713396,53.58255451713396
P0085,2025-07-24,D020,Dermatology,Acne,Static Post,6081,263,26,40,45,Contact Doctor,374,6.150304226278572,61.503042262785726
P0086,2025-03-26,D015,Neurology,Headache,Flyer,1359,38,0,3,7,Read More,48,3.532008830022075,35.32008830022075
P0087,2025-12-10,D007,Pediatrics,Immunity,Carousel,3057,128,10,15,16,No CTA,169,5.528295714753026,55.28295714753026
P0088,2025-04-02,D024,Cardiology,ECG,Static Post,8029,344,31,27,77,No CTA,479,5.965873707809192,59.65873707809192
P0089,2025-05-24,D023,Cardiology,Cholesterol,Carousel,4210,220,22,34,37,Book Appointment,313,7.434679334916865,74.34679334916865
P0090,2025-04-21,D030,General Medicine,Immunity,Carousel,3953,188,22,22,35,Contact Doctor,267,6.754363774348596,67.54363774348596
P0091,2025-04-19,D013,Neurology,Memory,Reel/Video,4471,212,19,31,35,No CTA,297,6.642809214940729,66.42809214940729
P0092,2025-04-05,D010,Pediatrics,Fever,Static Post,4625,142,17,10,26,No CTA,195,4.216216216216216,42.16216216216216
P0093,2025-04-02,D017,Dermatology,Skin Allergy,Static Post,2284,104,13,15,18,Contact Doctor,150,6.567425569176883,65.67425569176882
P0094,2025-02-20,D011,Neurology,Stroke,Educational Post,5054,307,35,46,48,Book Appointment,436,8.626830233478433,86.26830233478432
P0095,2025-05-20,D011,Neurology,Headache,Carousel,2134,106,7,10,27,Read More,150,7.029053420805999,70.29053420805998
P0096,2025-05-17,D003,Diabetology,Diabetic Diet,Static Post,2365,42,4,7,13,Contact Doctor,66,2.7906976744186047,27.906976744186046
P0097,2025-07-14,D030,General Medicine,Vitamin Deficiency,Static Post,2369,91,11,16,21,Learn More,139,5.867454622203462,58.674546222034614
P0098,2025-05-20,D008,Pediatrics,Vaccination,Reel/Video,3998,232,41,33,52,Contact Doctor,358,8.95447723861931,89.5447723861931
P0099,2025-12-23,D028,General Medicine,Weight Loss,Static Post,2525,110,14,12,15,Read More,151,5.98019801980198,59.8019801980198
P0100,2025-03-26,D011,Neurology,Stroke,Reel/Video,2457,94,17,12,14,Read More,137,5.575905575905575,55.759055759055755
P0101,2025-04-17,D019,Dermatology,Eczema,Static Post,1791,65,4,6,3,Learn More,78,4.355108877721943,43.55108877721943
P0102,2025-06-07,D006,Pediatrics,Immunity,Carousel,2169,106,18,21,12,Read More,157,7.238358690640849,72.3835869064085
P0103,2025-05-01,D021,Cardiology,Blood Pressure,Flyer,5590,255,21,32,51,Learn More,359,6.422182468694096,64.22182468694096
P0104,2025-03-04,D009,Pediatrics,Vaccination,Carousel,6925,333,39,51,66,Contact Doctor,489,7.061371841155234,70.61371841155234
P0105,2025-04-01,D017,Dermatology,Eczema,Static Post,13158,399,39,55,79,Save Post,572,4.3471652226782185,43.47165222678218
P0106,2025-10-25,D021,Cardiology,Heart Attack,Carousel,7113,338,44,49,64,Read More,495,6.959088991986503,69.59088991986503
P0107,2025-04-20,D008,Pediatrics,Fever,Flyer,1219,48,8,5,14,Learn More,75,6.152584085315833,61.52584085315833
P0108,2025-11-03,D012,Neurology,Sleep,Static Post,3766,144,9,18,24,Learn More,195,5.177907594264472,51.77907594264471
P0109,2025-05-16,D013,Neurology,Sleep,Carousel,2403,112,14,16,22,Book Appointment,164,6.824802330420308,68.24802330420309
P0110,2025-10-14,D008,Pediatrics,Immunity,Reel/Video,1340,69,13,10,11,No CTA,103,7.686567164179105,76.86567164179105
P0111,2025-06-06,D028,General Medicine,Dehydration,Carousel,7788,496,84,59,95,Contact Doctor,734,9.424756034925526,94.24756034925525
P0112,2025-11-27,D029,General Medicine,Fever,Static Post,2736,114,18,13,17,Save Post,162,5.921052631578947,59.21052631578947
P0113,2025-06-19,D008,Pediatrics,Immunity,Educational Post,5371,128,12,15,20,Save Post,175,3.2582386892571216,32.582386892571215
P0114,2025-08-18,D023,Cardiology,Heart Attack,Reel/Video,2738,109,12,17,17,Save Post,155,5.661066471877282,56.610664718772824
P0115,2025-02-12,D020,Dermatology,Eczema,Static Post,1916,100,16,14,17,Contact Doctor,147,7.67223382045929,76.7223382045929
P0116,2025-05-10,D015,Neurology,Stroke,Static Post,6596,432,50,58,85,Book Appointment,625,9.475439660400243,94.75439660400242
P0117,2025-02-26,D025,Cardiology,ECG,Educational Post,4370,257,23,27,37,Contact Doctor,344,7.871853546910755,78.71853546910755
P0118,2025-10-19,D019,Dermatology,Hair Loss,Static Post,3072,151,15,32,31,Read More,229,7.454427083333333,74.54427083333333
P0119,2025-07-22,D017,Dermatology,Sunscreen,Carousel,2863,75,5,10,9,Contact Doctor,99,3.4579112818721622,34.57911281872162
P0120,2025-03-26,D011,Neurology,Migraine,Static Post,3098,176,26,17,33,Contact Doctor,252,8.134280180761781,81.34280180761782
P0121,2025-11-27,D029,General Medicine,Dehydration,Carousel,1443,76,14,9,13,Save Post,112,7.7616077616077614,77.61607761607762
P0122,2025-05-10,D009,Pediatrics,Immunity,Carousel,4029,225,28,32,45,Book Appointment,330,8.190618019359643,81.90618019359643
P0123,2025-07-07,D029,General Medicine,Vitamin Deficiency,Reel/Video,1336,60,3,9,17,Read More,89,6.661676646706587,66.61676646706587
P0124,2025-01-23,D007,Pediatrics,Fever,Reel/Video,7945,428,53,54,93,Contact Doctor,628,7.904342353681561,79.04342353681561
P0125,2025-10-11,D017,Dermatology,Eczema,Carousel,3451,251,17,34,41,Contact Doctor,343,9.939148073022313,99.39148073022312
P0126,2025-05-06,D016,Dermatology,Skin Allergy,Carousel,4965,269,33,38,42,Book Appointment,382,7.693856998992951,76.9385699899295
P0127,2025-08-23,D002,Diabetology,Diabetes,Reel/Video,1709,86,15,12,21,Learn More,134,7.840842598010532,78.40842598010532
P0128,2025-03-11,D005,Diabetology,HbA1c,Reel/Video,4547,217,43,38,45,No CTA,343,7.543435232021113,75.43435232021113
P0129,2025-01-17,D022,Cardiology,Cholesterol,Educational Post,3695,172,18,29,34,Read More,253,6.847090663058186,68.47090663058187
P0130,2025-09-24,D013,Neurology,Migraine,Carousel,4773,288,37,44,40,Save Post,409,8.5690341504295,85.69034150429499
P0131,2025-02-22,D014,Neurology,Stroke,Reel/Video,3669,202,26,29,31,Learn More,288,7.849550286181521,78.49550286181521
P0132,2025-07-11,D020,Dermatology,Acne,Carousel,2865,142,12,14,21,Read More,189,6.596858638743456,65.96858638743456
P0133,2025-09-02,D022,Cardiology,ECG,Reel/Video,8005,413,56,57,84,Read More,610,7.6202373516552155,76.20237351655216
P0134,2025-11-06,D007,Pediatrics,Newborn Care,Reel/Video,3268,190,21,20,25,Book Appointment,256,7.833537331701345,78.33537331701346
P0135,2025-11-09,D003,Diabetology,HbA1c,Static Post,4401,304,32,42,61,Learn More,439,9.975005680527154,99.75005680527153
P0136,2025-01-12,D020,Dermatology,Sunscreen,Carousel,4750,157,24,25,30,Contact Doctor,236,4.968421052631579,49.68421052631579
P0137,2025-05-15,D006,Pediatrics,Child Nutrition,Static Post,2794,138,17,17,32,No CTA,204,7.301360057265568,73.01360057265569
P0138,2025-09-03,D002,Diabetology,HbA1c,Static Post,4759,260,37,32,47,Contact Doctor,376,7.9008194998949355,79.00819499894936
P0139,2025-03-01,D028,General Medicine,Fever,Reel/Video,2332,118,21,15,23,Save Post,177,7.590051457975987,75.90051457975987
P0140,2025-11-23,D005,Diabetology,Diabetic Diet,Static Post,3624,156,13,18,24,No CTA,211,5.822295805739515,58.22295805739514
P0141,2025-04-15,D019,Dermatology,Skin Allergy,Static Post,2272,98,15,15,19,Book Appointment,147,6.470070422535211,64.70070422535211
P0142,2025-12-13,D023,Cardiology,Heart Attack,Reel/Video,2086,73,11,16,7,Read More,107,5.129434324065196,51.29434324065196
P0143,2025-01-13,D003,Diabetology,HbA1c,Static Post,1631,81,8,9,24,Contact Doctor,122,7.480073574494176,74.80073574494176
P0144,2025-09-12,D009,Pediatrics,Newborn Care,Static Post,1759,67,14,9,23,Book Appointment,113,6.424104604889141,64.24104604889142
P0145,2025-12-27,D027,General Medicine,Dehydration,Carousel,2950,124,15,17,26,Save Post,182,6.169491525423728,61.69491525423729
P0146,2025-09-10,D008,Pediatrics,Newborn Care,Reel/Video,3117,295,28,28,53,Contact Doctor,404,12.961180622393325,129.61180622393326
P0147,2025-08-25,D024,Cardiology,Cholesterol,Static Post,4005,153,22,18,31,Learn More,224,5.593008739076155,55.93008739076155
P0148,2025-12-13,D019,Dermatology,Eczema,Carousel,5293,276,34,39,60,Contact Doctor,409,7.72718685055734,77.2718685055734
P0149,2025-12-07,D019,Dermatology,Skin Allergy,Carousel,1526,79,8,11,20,Book Appointment,118,7.732634338138926,77.32634338138926
P0150,2025-07-16,D003,Diabetology,HbA1c,Static Post,1896,92,9,8,25,Book Appointment,134,7.067510548523207,70.67510548523207
P0151,2025-02-20,D012,Neurology,Memory,Static Post,9267,625,60,81,124,Book Appointment,890,9.603971080176972,96.03971080176971
P0152,2025-05-13,D019,Dermatology,Skin Allergy,Static Post,6797,314,29,36,49,No CTA,428,6.29689568927468,62.9689568927468
P0153,2025-01-08,D010,Pediatrics,Newborn Care,Educational Post,3717,188,21,25,31,Save Post,265,7.12940543449018,71.2940543449018
P0154,2025-05-10,D013,Neurology,Stroke,Carousel,4889,315,39,36,72,Save Post,462,9.449785232153815,94.49785232153815
P0155,2025-10-28,D030,General Medicine,Vitamin Deficiency,Flyer,4432,208,32,28,47,Learn More,315,7.10740072202166,71.0740072202166
P0156,2025-05-20,D023,Cardiology,Heart Attack,Static Post,2784,87,7,11,15,Book Appointment,120,4.310344827586207,43.10344827586207
P0157,2025-04-05,D014,Neurology,Headache,Static Post,2957,103,10,13,14,Contact Doctor,140,4.734528238079134,47.345282380791346
P0158,2025-09-07,D006,Pediatrics,Immunity,Educational Post,1309,69,6,3,12,Save Post,90,6.875477463712758,68.75477463712758
P0159,2025-01-27,D025,Cardiology,Cholesterol,Static Post,2077,60,7,11,14,Contact Doctor,92,4.429465575349061,44.29465575349061
P0160,2025-06-24,D028,General Medicine,Immunity,Static Post,5810,327,31,39,62,Contact Doctor,459,7.900172117039587,79.00172117039587
P0161,2025-10-08,D009,Pediatrics,Child Nutrition,Educational Post,4268,290,36,36,47,Learn More,409,9.58294283036551,95.8294283036551
P0162,2025-07-05,D020,Dermatology,Skin Allergy,Static Post,4181,296,32,30,46,Learn More,404,9.662760105237982,96.62760105237982
P0163,2025-12-04,D014,Neurology,Headache,Carousel,3768,218,34,24,36,Save Post,312,8.280254777070063,82.80254777070063
P0164,2025-12-23,D009,Pediatrics,Immunity,Educational Post,8036,327,40,43,63,Learn More,473,5.886012941762071,58.860129417620705
P0165,2025-03-05,D022,Cardiology,Heart Attack,Flyer,3032,83,8,5,20,No CTA,116,3.825857519788918,38.25857519788918
P0166,2025-10-16,D018,Dermatology,Sunscreen,Educational Post,3369,126,12,21,27,Save Post,186,5.520926090828139,55.209260908281394
P0167,2025-10-16,D010,Pediatrics,Immunity,Static Post,2827,149,16,17,31,Learn More,213,7.534488857446056,75.34488857446055
P0168,2025-12-07,D002,Diabetology,Diabetes,Educational Post,4363,202,24,21,39,Learn More,286,6.5551226220490495,65.55122622049049
P0169,2025-04-20,D005,Diabetology,Insulin,Reel/Video,3697,278,30,33,41,Learn More,382,10.332702190965648,103.32702190965648
P0170,2025-04-23,D017,Dermatology,Acne,Carousel,6173,231,33,39,45,Learn More,348,5.637453426210919,56.37453426210919
P0171,2025-03-14,D004,Diabetology,Blood Sugar,Static Post,5781,239,28,44,48,No CTA,359,6.209998270195468,62.09998270195468
P0172,2025-04-02,D014,Neurology,Migraine,Static Post,3053,156,17,19,24,Book Appointment,216,7.075008188666885,70.75008188666885
P0173,2025-03-16,D007,Pediatrics,Child Nutrition,Carousel,7242,310,28,50,44,Book Appointment,432,5.965202982601491,59.65202982601491
P0174,2025-03-01,D021,Cardiology,Heart Attack,Static Post,8313,403,49,45,77,Book Appointment,574,6.904847828702033,69.04847828702033
P0175,2025-12-16,D016,Dermatology,Acne,Educational Post,2701,143,12,15,33,Save Post,203,7.515734912995187,75.15734912995187
P0176,2025-09-28,D019,Dermatology,Hair Loss,Carousel,3495,313,38,39,50,Save Post,440,12.589413447782546,125.89413447782546
P0177,2025-09-14,D022,Cardiology,ECG,Reel/Video,2858,120,9,13,25,Learn More,167,5.843247025892232,58.43247025892232
P0178,2025-12-07,D002,Diabetology,Diabetes,Flyer,2808,119,16,17,27,Learn More,179,6.3746438746438745,63.74643874643875
P0179,2025-11-09,D009,Pediatrics,Newborn Care,Educational Post,5792,279,44,40,55,Read More,418,7.216850828729282,72.16850828729282
P0180,2025-01-05,D009,Pediatrics,Child Nutrition,Static Post,3224,79,12,15,11,Save Post,117,3.6290322580645165,36.29032258064517
P0181,2025-12-09,D009,Pediatrics,Child Nutrition,Reel/Video,6259,309,35,40,69,Contact Doctor,453,7.237577887841508,72.37577887841508
P0182,2025-04-03,D012,Neurology,Migraine,Static Post,3904,145,19,21,35,Book Appointment,220,5.635245901639344,56.352459016393446
P0183,2025-07-16,D017,Dermatology,Eczema,Carousel,7592,359,35,56,72,Read More,522,6.875658587987356,68.75658587987355
P0184,2025-09-10,D030,General Medicine,Dehydration,Static Post,3085,206,25,20,27,Book Appointment,278,9.011345218800649,90.11345218800648
P0185,2025-04-14,D025,Cardiology,Heart Health,Reel/Video,6532,271,41,26,62,Book Appointment,400,6.12369871402327,61.2369871402327
P0186,2025-07-17,D005,Diabetology,Insulin,Educational Post,3204,165,18,22,32,Learn More,237,7.397003745318352,73.97003745318352
P0187,2025-04-26,D016,Dermatology,Sunscreen,Flyer,3024,133,16,18,19,Contact Doctor,186,6.15079365079365,61.507936507936506
P0188,2025-10-10,D004,Diabetology,HbA1c,Static Post,1525,40,4,4,7,Read More,55,3.606557377049181,36.0655737704918
P0189,2025-06-16,D016,Dermatology,Skin Allergy,Reel/Video,7159,333,44,43,65,Save Post,485,6.77468920240257,67.7468920240257
P0190,2025-01-25,D003,Diabetology,Insulin,Static Post,3717,148,13,21,17,No CTA,199,5.353779930051116,53.53779930051116
P0191,2025-11-14,D005,Diabetology,Blood Sugar,Carousel,5366,182,19,31,39,No CTA,271,5.050316809541558,50.50316809541558
P0192,2025-01-07,D007,Pediatrics,Newborn Care,Educational Post,5549,164,16,21,21,Save Post,222,4.000720850603712,40.007208506037124
P0193,2025-10-12,D001,Diabetology,Insulin,Flyer,3764,62,5,10,14,Contact Doctor,91,2.4176408076514346,24.176408076514345
P0194,2025-04-18,D019,Dermatology,Acne,Carousel,3238,198,21,22,41,Learn More,282,8.709079678814083,87.09079678814084
P0195,2025-02-25,D015,Neurology,Stroke,Educational Post,5689,188,24,24,39,No CTA,275,4.8338899630866585,48.338899630866585
P0196,2025-01-17,D014,Neurology,Headache,Flyer,2451,104,10,15,19,Contact Doctor,148,6.0383516931864545,60.38351693186454
P0197,2025-04-27,D023,Cardiology,Heart Health,Reel/Video,2892,166,17,20,18,Save Post,221,7.641770401106501,76.41770401106501
P0198,2025-01-03,D009,Pediatrics,Newborn Care,Carousel,2776,143,18,17,23,Save Post,201,7.240634005763688,72.40634005763688
P0199,2025-04-23,D014,Neurology,Headache,Carousel,2315,117,14,20,22,No CTA,173,7.473002159827214,74.73002159827213
P0200,2025-12-09,D014,Neurology,Memory,Carousel,6341,197,24,27,38,Contact Doctor,286,4.510329601009304,45.10329601009305
P0201,2025-11-15,D028,General Medicine,Fever,Static Post,3223,81,15,11,17,Contact Doctor,124,3.84734719205709,38.4734719205709
P0202,2025-01-18,D027,General Medicine,Immunity,Reel/Video,2393,218,25,33,27,Contact Doctor,303,12.661930631007104,126.61930631007104
P0203,2025-12-25,D007,Pediatrics,Newborn Care,Carousel,4927,210,30,22,43,Save Post,305,6.190379541303024,61.90379541303024
P0204,2025-07-28,D018,Dermatology,Hair Loss,Static Post,3268,130,6,15,22,Read More,173,5.2937576499388,52.937576499388
P0205,2025-09-09,D002,Diabetology,Diabetes,Static Post,2550,118,13,18,17,Save Post,166,6.509803921568627,65.09803921568627
P0206,2025-04-19,D015,Neurology,Headache,Carousel,10307,627,64,98,127,Read More,916,8.88716406325798,88.8716406325798
P0207,2025-08-12,D018,Dermatology,Sunscreen,Reel/Video,3861,189,22,23,24,Contact Doctor,258,6.682206682206681,66.82206682206682
P0208,2025-11-07,D001,Diabetology,HbA1c,Reel/Video,3415,119,15,22,24,Learn More,180,5.27086383601757,52.7086383601757
P0209,2025-09-05,D013,Neurology,Headache,Reel/Video,5092,234,29,39,42,Book Appointment,344,6.755695208169678,67.55695208169678
P0210,2025-04-07,D013,Neurology,Memory,Static Post,2834,144,20,22,43,Save Post,229,8.08045165843331,80.8045165843331
P0211,2025-03-13,D005,Diabetology,HbA1c,Static Post,3294,69,5,9,10,No CTA,93,2.823315118397086,28.233151183970858
P0212,2025-08-01,D013,Neurology,Headache,Carousel,3499,216,32,26,34,No CTA,308,8.802515004286938,88.02515004286938
P0213,2025-06-05,D008,Pediatrics,Vaccination,Reel/Video,4532,236,37,30,40,No CTA,343,7.568402471315093,75.68402471315093
P0214,2025-08-09,D023,Cardiology,Heart Attack,Reel/Video,1689,110,6,16,18,Book Appointment,150,8.880994671403197,88.80994671403198
P0215,2025-01-19,D018,Dermatology,Acne,Flyer,3527,195,23,35,42,Save Post,295,8.364048766657216,83.64048766657216
P0216,2025-01-15,D021,Cardiology,Cholesterol,Carousel,3745,149,19,17,20,Book Appointment,205,5.473965287049399,54.73965287049399
P0217,2025-06-10,D012,Neurology,Headache,Static Post,3715,156,16,20,32,Learn More,224,6.029609690444145,60.296096904441455
P0218,2025-11-11,D029,General Medicine,Weight Loss,Carousel,4746,209,24,28,40,Learn More,301,6.342182890855458,63.42182890855458
P0219,2025-02-17,D004,Diabetology,Diabetes,Educational Post,7707,380,36,51,62,Read More,529,6.863889970157,68.63889970157
P0220,2025-01-14,D008,Pediatrics,Vaccination,Carousel,4079,106,11,15,19,Book Appointment,151,3.7018877175778377,37.01887717577838
P0221,2025-09-21,D022,Cardiology,Heart Attack,Reel/Video,10103,546,61,64,68,No CTA,739,7.314659012174602,73.14659012174602
P0222,2025-07-26,D015,Neurology,Stroke,Educational Post,3923,237,26,31,53,Learn More,347,8.845271475911293,88.45271475911292
P0223,2025-02-04,D021,Cardiology,Heart Attack,Flyer,3855,156,19,22,32,Save Post,229,5.940337224383916,59.403372243839165
P0224,2025-06-11,D002,Diabetology,Diabetic Diet,Flyer,4837,232,21,21,43,Read More,317,6.55364895596444,65.53648955964441
P0225,2025-01-12,D006,Pediatrics,Vaccination,Carousel,2824,146,25,26,30,Save Post,227,8.038243626062323,80.38243626062324
P0226,2025-09-18,D013,Neurology,Stroke,Reel/Video,1509,50,11,5,11,Book Appointment,77,5.1027170311464545,51.027170311464545
P0227,2025-12-06,D015,Neurology,Stroke,Static Post,2495,74,4,10,20,No CTA,108,4.328657314629258,43.28657314629258
P0228,2025-08-16,D003,Diabetology,HbA1c,Reel/Video,5275,269,27,37,47,Contact Doctor,380,7.203791469194313,72.03791469194313
P0229,2025-08-23,D005,Diabetology,Diabetes,Educational Post,5996,359,36,48,59,Contact Doctor,502,8.372248165443628,83.72248165443628
P0230,2025-09-23,D005,Diabetology,Blood Sugar,Reel/Video,3960,200,20,19,33,No CTA,272,6.8686868686868685,68.68686868686868
P0231,2025-12-18,D002,Diabetology,Blood Sugar,Carousel,14674,627,78,76,131,Contact Doctor,912,6.215074281041297,62.15074281041297
P0232,2025-09-25,D011,Neurology,Headache,Reel/Video,3479,116,12,17,25,Contact Doctor,170,4.886461626904283,48.86461626904283
P0233,2025-05-24,D016,Dermatology,Hair Loss,Carousel,5966,331,36,39,68,Read More,474,7.945021790144151,79.4502179014415
P0234,2025-12-16,D004,Diabetology,Blood Sugar,Carousel,3699,96,7,8,18,Learn More,129,3.4874290348742907,34.8742903487429
P0235,2025-12-18,D024,Cardiology,Blood Pressure,Static Post,9000,299,43,28,57,Read More,427,4.7444444444444445,47.44444444444444
P0236,2025-12-12,D005,Diabetology,Insulin,Static Post,2672,100,11,14,28,Learn More,153,5.726047904191617,57.26047904191617
P0237,2025-09-07,D025,Cardiology,ECG,Flyer,3123,96,7,10,9,Contact Doctor,122,3.9065001601024654,39.065001601024655
P0238,2025-05-05,D007,Pediatrics,Vaccination,Carousel,5767,292,51,42,45,Learn More,430,7.4562164036760885,74.56216403676089
P0239,2025-07-23,D004,Diabetology,Insulin,Carousel,4412,324,39,44,59,Contact Doctor,466,10.56210335448776,105.6210335448776
P0240,2025-03-06,D007,Pediatrics,Immunity,Static Post,2204,85,16,14,10,No CTA,125,5.671506352087114,56.71506352087114
P0241,2025-01-02,D025,Cardiology,Heart Health,Educational Post,4676,303,34,45,59,Contact Doctor,441,9.431137724550897,94.31137724550898
P0242,2025-06-19,D012,Neurology,Migraine,Carousel,4462,141,12,14,31,Book Appointment,198,4.437471985656656,44.374719856566564
P0243,2025-01-19,D020,Dermatology,Hair Loss,Carousel,3138,142,15,20,32,Book Appointment,209,6.660293180369663,66.60293180369662
P0244,2025-03-04,D008,Pediatrics,Child Nutrition,Educational Post,9041,340,48,46,69,Read More,503,5.563543855768168,55.635438557681674
P0245,2025-05-04,D028,General Medicine,Immunity,Reel/Video,1866,131,12,18,26,Learn More,187,10.021436227224008,100.21436227224008
P0246,2025-02-07,D023,Cardiology,Blood Pressure,Flyer,4627,199,20,20,35,Contact Doctor,274,5.921763561703047,59.217635617030474
P0247,2025-02-10,D024,Cardiology,Heart Attack,Static Post,2663,61,11,14,10,Save Post,96,3.6049568156214793,36.0495681562148
P0248,2025-08-17,D014,Neurology,Sleep,Educational Post,3954,268,22,27,53,Read More,370,9.357612544258979,93.57612544258978
P0249,2025-05-02,D021,Cardiology,ECG,Carousel,3727,164,18,22,35,Save Post,239,6.412664341293266,64.12664341293265
P0250,2025-12-06,D003,Diabetology,Diabetic Diet,Carousel,2571,157,29,21,33,Save Post,240,9.334889148191365,93.34889148191365
P0251,2025-12-21,D011,Neurology,Memory,Static Post,2329,51,6,10,11,Save Post,78,3.3490768570201808,33.49076857020181
P0252,2025-03-22,D022,Cardiology,ECG,Reel/Video,5471,338,35,45,54,Read More,472,8.627307622006946,86.27307622006946
P0253,2025-04-14,D009,Pediatrics,Immunity,Educational Post,3306,116,9,19,21,Contact Doctor,165,4.99092558983666,49.9092558983666
P0254,2025-03-05,D017,Dermatology,Sunscreen,Flyer,4364,293,48,32,41,Learn More,414,9.486709440879928,94.86709440879928
P0255,2025-11-14,D003,Diabetology,Diabetic Diet,Flyer,6090,212,22,30,42,Contact Doctor,306,5.024630541871921,50.24630541871921
P0256,2025-04-15,D014,Neurology,Memory,Educational Post,5190,241,21,26,49,Read More,337,6.493256262042389,64.9325626204239
P0257,2025-01-04,D003,Diabetology,HbA1c,Reel/Video,2411,118,9,18,28,Contact Doctor,173,7.17544587308171,71.75445873081709
P0258,2025-04-02,D018,Dermatology,Skin Allergy,Reel/Video,5037,312,34,55,41,Book Appointment,442,8.775064522533253,87.75064522533253
P0259,2025-03-19,D023,Cardiology,Heart Attack,Flyer,2577,95,10,10,16,Contact Doctor,131,5.083430345362825,50.83430345362825
P0260,2025-09-09,D030,General Medicine,Dehydration,Flyer,3165,107,15,15,22,No CTA,159,5.023696682464455,50.23696682464455
P0261,2025-10-19,D015,Neurology,Memory,Static Post,2650,78,8,10,10,Book Appointment,106,4.0,40.0
P0262,2025-07-27,D030,General Medicine,Vitamin Deficiency,Educational Post,2634,185,15,24,33,Book Appointment,257,9.757023538344722,97.57023538344723
P0263,2025-10-07,D002,Diabetology,Diabetic Diet,Static Post,2811,134,15,14,31,Learn More,194,6.901458555674138,69.01458555674138
P0264,2025-03-03,D016,Dermatology,Skin Allergy,Static Post,2368,109,12,13,27,Save Post,161,6.798986486486487,67.98986486486487
P0265,2025-11-20,D023,Cardiology,Cholesterol,Static Post,4527,172,19,27,28,Contact Doctor,246,5.4340622929092115,54.34062292909211
P0266,2025-08-18,D015,Neurology,Stroke,Reel/Video,1581,81,14,6,20,Save Post,121,7.65338393421885,76.53383934218849
P0267,2025-10-08,D030,General Medicine,Fever,Static Post,2925,123,11,23,33,Read More,190,6.495726495726497,64.95726495726497
P0268,2025-04-17,D019,Dermatology,Sunscreen,Educational Post,4429,133,18,19,21,No CTA,191,4.312485888462407,43.12485888462407
P0269,2025-06-04,D018,Dermatology,Sunscreen,Educational Post,2995,149,15,21,27,Save Post,212,7.078464106844741,70.78464106844741
P0270,2025-05-04,D029,General Medicine,Fever,Static Post,4603,211,18,31,42,Contact Doctor,302,6.560938518357593,65.60938518357592
P0271,2025-05-06,D019,Dermatology,Sunscreen,Carousel,4459,163,31,16,27,Read More,237,5.315093070195111,53.150930701951104
P0272,2025-02-11,D024,Cardiology,Blood Pressure,Flyer,3245,126,5,19,25,Contact Doctor,175,5.3929121725731894,53.929121725731896
P0273,2025-10-01,D012,Neurology,Memory,Flyer,8341,417,39,40,71,No CTA,567,6.797746073612276,67.97746073612277
P0274,2025-12-27,D012,Neurology,Memory,Educational Post,2413,148,13,19,45,Book Appointment,225,9.324492333195193,93.24492333195194
P0275,2025-10-26,D024,Cardiology,Heart Attack,Static Post,2234,60,12,8,9,Book Appointment,89,3.9838854073410923,39.83885407341092
P0276,2025-07-13,D014,Neurology,Memory,Static Post,7735,321,34,38,45,Save Post,438,5.662572721396251,56.625727213962506
P0277,2025-08-25,D021,Cardiology,Heart Attack,Reel/Video,2483,158,15,17,28,No CTA,218,8.77970197341925,87.7970197341925
P0278,2025-07-03,D028,General Medicine,Fever,Carousel,4625,341,32,44,55,Book Appointment,472,10.205405405405406,102.05405405405406
P0279,2025-11-15,D006,Pediatrics,Fever,Flyer,3143,190,21,20,29,No CTA,260,8.272351256761057,82.72351256761057
P0280,2025-05-16,D006,Pediatrics,Immunity,Static Post,3967,175,19,25,37,Read More,256,6.4532392235946565,64.53239223594656
P0281,2025-12-14,D027,General Medicine,Immunity,Educational Post,4335,319,33,36,52,Read More,440,10.149942329873126,101.49942329873126
P0282,2025-04-19,D025,Cardiology,Heart Attack,Carousel,16340,584,70,77,118,Learn More,849,5.195838433292534,51.958384332925334
P0283,2025-10-03,D025,Cardiology,ECG,Carousel,2160,138,15,13,34,Read More,200,9.25925925925926,92.59259259259258
P0284,2025-11-19,D009,Pediatrics,Vaccination,Static Post,6558,263,25,43,51,No CTA,382,5.824946630070143,58.249466300701435
P0285,2025-01-20,D022,Cardiology,Heart Attack,Carousel,3216,126,16,24,17,Save Post,183,5.690298507462686,56.90298507462686
P0286,2025-11-26,D030,General Medicine,Vitamin Deficiency,Reel/Video,5449,189,27,19,28,Learn More,263,4.826573683244632,48.26573683244632
P0287,2025-10-20,D028,General Medicine,Weight Loss,Educational Post,4447,232,26,30,42,Learn More,330,7.420733078479874,74.20733078479874
P0288,2025-12-21,D029,General Medicine,Dehydration,Flyer,7078,199,26,17,43,Book Appointment,285,4.026561175473297,40.26561175473298
P0289,2025-08-23,D024,Cardiology,Heart Attack,Static Post,3061,95,8,12,16,Read More,131,4.279647174126103,42.79647174126103
P0290,2025-11-28,D022,Cardiology,Heart Attack,Static Post,3587,174,16,18,37,Book Appointment,245,6.83022023975467,68.3022023975467
P0291,2025-10-26,D017,Dermatology,Skin Allergy,Reel/Video,5526,217,24,30,35,No CTA,306,5.537459283387622,55.37459283387622
P0292,2025-08-25,D016,Dermatology,Hair Loss,Carousel,1729,91,7,25,17,Read More,140,8.097165991902834,80.97165991902834
P0293,2025-05-15,D021,Cardiology,Heart Attack,Educational Post,3759,106,16,7,30,Learn More,159,4.2298483639265765,42.29848363926576
P0294,2025-04-05,D014,Neurology,Sleep,Reel/Video,2007,120,18,12,25,Save Post,175,8.719481813652218,87.19481813652217
P0295,2025-10-06,D018,Dermatology,Eczema,Carousel,6144,316,41,44,71,Book Appointment,472,7.682291666666667,76.82291666666667
P0296,2025-06-17,D030,General Medicine,Fever,Reel/Video,4331,190,31,29,43,Book Appointment,293,6.765181251443085,67.65181251443084
P0297,2025-08-06,D011,Neurology,Memory,Static Post,8630,255,40,29,43,No CTA,367,4.25260718424102,42.5260718424102
P0298,2025-04-01,D007,Pediatrics,Child Nutrition,Carousel,3042,70,6,7,17,Read More,100,3.2873109796186717,32.87310979618672
P0299,2025-11-13,D003,Diabetology,Insulin,Reel/Video,2464,153,20,21,32,Learn More,226,9.172077922077921,91.72077922077922
P0300,2025-03-19,D017,Dermatology,Skin Allergy,Carousel,3331,92,10,13,23,No CTA,138,4.142900030021015,41.42900030021015
P0301,2025-04-15,D002,Diabetology,HbA1c,Reel/Video,2729,193,19,22,40,Learn More,274,10.040307805056797,100.40307805056797
P0302,2025-06-13,D001,Diabetology,Diabetes,Flyer,2250,109,13,18,18,Book Appointment,158,7.022222222222223,70.22222222222223
P0303,2025-02-20,D020,Dermatology,Sunscreen,Carousel,6950,350,34,39,65,Book Appointment,488,7.0215827338129495,70.21582733812949
P0304,2025-10-27,D001,Diabetology,HbA1c,Educational Post,3303,165,19,27,34,Read More,245,7.417499243112322,74.17499243112321
P0305,2025-02-12,D024,Cardiology,Blood Pressure,Static Post,4741,176,21,29,32,Book Appointment,258,5.441889896646277,54.41889896646277
P0306,2025-06-21,D021,Cardiology,Heart Health,Reel/Video,5515,279,29,36,44,Learn More,388,7.035358114233907,70.35358114233907
P0307,2025-04-23,D009,Pediatrics,Child Nutrition,Carousel,3325,208,18,24,33,Book Appointment,283,8.511278195488723,85.11278195488723
P0308,2025-02-12,D003,Diabetology,HbA1c,Carousel,4192,143,18,14,26,Read More,201,4.794847328244275,47.94847328244275
P0309,2025-05-05,D002,Diabetology,Diabetic Diet,Educational Post,8486,86,8,14,18,Learn More,126,1.4847984916332784,14.847984916332784
P0310,2025-03-13,D019,Dermatology,Hair Loss,Flyer,5584,172,25,17,36,Save Post,250,4.477077363896848,44.770773638968485
P0311,2025-07-01,D028,General Medicine,Fever,Carousel,2319,98,7,19,16,Read More,140,6.0370849504096595,60.3708495040966
P0312,2025-07-14,D009,Pediatrics,Fever,Carousel,2651,130,15,14,22,No CTA,181,6.8276122218030935,68.27612221803093
P0313,2025-06-27,D018,Dermatology,Acne,Static Post,2431,58,7,5,10,Book Appointment,80,3.2908268202385846,32.90826820238585
P0314,2025-11-07,D019,Dermatology,Sunscreen,Educational Post,9314,330,32,51,47,Contact Doctor,460,4.938801803736311,49.38801803736311
P0315,2025-03-13,D009,Pediatrics,Child Nutrition,Reel/Video,4017,188,23,30,35,Read More,276,6.870799103808813,68.70799103808812
P0316,2025-05-21,D029,General Medicine,Weight Loss,Carousel,4405,234,26,29,41,Contact Doctor,330,7.491486946651532,74.91486946651533
P0317,2025-09-13,D028,General Medicine,Immunity,Reel/Video,5045,287,45,37,53,Learn More,422,8.36471754212091,83.64717542120911
P0318,2025-04-19,D020,Dermatology,Eczema,Static Post,4122,38,5,2,4,Save Post,49,1.1887433284813196,11.887433284813197
P0319,2025-06-08,D016,Dermatology,Hair Loss,Flyer,4473,167,14,22,27,Read More,230,5.141962888441761,51.41962888441762
P0320,2025-02-25,D003,Diabetology,Insulin,Educational Post,5655,269,29,33,48,Book Appointment,379,6.702033598585324,67.02033598585324
P0321,2025-06-26,D013,Neurology,Headache,Carousel,1927,134,14,13,25,Contact Doctor,186,9.652309289050336,96.52309289050336
P0322,2025-05-25,D019,Dermatology,Eczema,Static Post,8275,463,32,65,91,Read More,651,7.867069486404834,78.67069486404833
P0323,2025-09-06,D018,Dermatology,Hair Loss,Static Post,3698,153,24,22,27,Read More,226,6.1114115738236885,61.11411573823688
P0324,2025-11-15,D028,General Medicine,Immunity,Reel/Video,1671,24,2,5,3,Book Appointment,34,2.0347097546379413,20.347097546379413
P0325,2025-10-11,D030,General Medicine,Vitamin Deficiency,Reel/Video,3087,142,16,26,28,Save Post,212,6.8675089083252345,68.67508908325235
P0326,2025-05-24,D019,Dermatology,Skin Allergy,Carousel,2863,118,17,15,29,Learn More,179,6.252183024799161,62.521830247991616
P0327,2025-09-28,D025,Cardiology,Cholesterol,Static Post,1975,64,13,7,9,Contact Doctor,93,4.708860759493671,47.08860759493671
P0328,2025-08-14,D016,Dermatology,Sunscreen,Reel/Video,7088,205,33,21,36,Save Post,295,4.16196388261851,41.6196388261851
P0329,2025-11-15,D027,General Medicine,Vitamin Deficiency,Flyer,6810,301,36,32,55,Learn More,424,6.226138032305433,62.26138032305433
P0330,2025-01-18,D002,Diabetology,Blood Sugar,Carousel,3280,164,13,15,22,Contact Doctor,214,6.524390243902439,65.2439024390244
P0331,2025-10-09,D020,Dermatology,Hair Loss,Educational Post,1779,96,10,14,18,No CTA,138,7.75716694772344,77.5716694772344
P0332,2025-12-08,D019,Dermatology,Acne,Static Post,2164,97,9,12,23,Book Appointment,141,6.515711645101664,65.15711645101665
P0333,2025-05-16,D026,General Medicine,Immunity,Static Post,2951,127,15,20,23,Contact Doctor,185,6.26906133514063,62.6906133514063
P0334,2025-09-23,D021,Cardiology,Heart Health,Static Post,5006,107,12,16,24,Read More,159,3.176188573711546,31.761885737115463
P0335,2025-08-27,D022,Cardiology,Heart Attack,Educational Post,1408,60,8,8,11,Read More,87,6.1789772727272725,61.78977272727273
P0336,2025-04-21,D022,Cardiology,Heart Attack,Static Post,3657,109,12,10,19,Contact Doctor,150,4.1017227235438884,41.01722723543889
P0337,2025-03-16,D015,Neurology,Memory,Reel/Video,6105,317,34,40,66,No CTA,457,7.485667485667485,74.85667485667486
P0338,2025-12-23,D029,General Medicine,Fever,Carousel,2471,164,23,25,35,Learn More,247,9.995953055443142,99.95953055443141
P0339,2025-01-16,D028,General Medicine,Weight Loss,Static Post,2979,102,17,17,27,Learn More,163,5.4716347767707285,54.71634776770728
P0340,2025-07-11,D011,Neurology,Headache,Flyer,2570,96,8,12,13,Learn More,129,5.019455252918288,50.19455252918288
P0341,2025-07-13,D028,General Medicine,Fever,Static Post,3028,93,18,11,20,Read More,142,4.689564068692206,46.895640686922064
P0342,2025-10-24,D022,Cardiology,Heart Attack,Flyer,1028,30,5,6,4,Read More,45,4.3774319066147855,43.774319066147854
P0343,2025-07-23,D027,General Medicine,Dehydration,Static Post,1683,123,9,13,18,Learn More,163,9.68508615567439,96.85086155674391
P0344,2025-03-12,D025,Cardiology,ECG,Reel/Video,2920,118,15,19,24,Contact Doctor,176,6.027397260273973,60.273972602739725
P0345,2025-06-08,D017,Dermatology,Hair Loss,Carousel,4283,133,20,11,19,Contact Doctor,183,4.2727060471632035,42.727060471632036
P0346,2025-03-10,D026,General Medicine,Fever,Educational Post,3826,192,25,23,31,Read More,271,7.083115525352849,70.83115525352848
P0347,2025-04-21,D004,Diabetology,HbA1c,Flyer,2319,75,5,11,16,No CTA,107,4.614057783527382,46.140577835273824
P0348,2025-01-10,D020,Dermatology,Hair Loss,Flyer,1888,95,14,7,17,Book Appointment,133,7.044491525423729,70.4449152542373
P0349,2025-08-09,D029,General Medicine,Immunity,Flyer,7396,358,47,53,67,Save Post,525,7.0984315846403465,70.98431584640346
P0350,2025-07-13,D005,Diabetology,HbA1c,Flyer,3891,101,4,13,18,Contact Doctor,136,3.4952454381906963,34.95245438190697
P0351,2025-07-21,D013,Neurology,Memory,Reel/Video,6874,340,46,44,67,Contact Doctor,497,7.230142566191446,72.30142566191445
P0352,2025-01-28,D013,Neurology,Migraine,Educational Post,7160,221,37,35,36,Book Appointment,329,4.594972067039106,45.94972067039106
P0353,2025-06-07,D009,Pediatrics,Fever,Static Post,3390,181,14,19,39,Read More,253,7.463126843657817,74.63126843657818
P0354,2025-06-27,D015,Neurology,Stroke,Static Post,2586,127,18,19,24,Book Appointment,188,7.269914926527456,72.69914926527456
P0355,2025-02-20,D025,Cardiology,Blood Pressure,Carousel,3477,126,16,19,25,Read More,186,5.349439171699741,53.494391716997406
P0356,2025-03-16,D004,Diabetology,HbA1c,Reel/Video,7399,419,52,42,74,Book Appointment,587,7.93350452763887,79.3350452763887
P0357,2025-01-21,D027,General Medicine,Vitamin Deficiency,Educational Post,4040,245,26,43,60,Learn More,374,9.257425742574258,92.57425742574257
P0358,2025-09-21,D030,General Medicine,Immunity,Reel/Video,4854,217,30,28,40,Learn More,315,6.489493201483312,64.89493201483312
P0359,2025-08-21,D030,General Medicine,Vitamin Deficiency,Carousel,11173,644,76,70,120,Learn More,910,8.144634386467377,81.44634386467376
P0360,2025-04-27,D001,Diabetology,Insulin,Flyer,5145,215,21,19,44,Learn More,299,5.811467444120506,58.114674441205054
P0361,2025-05-22,D005,Diabetology,Insulin,Static Post,3960,111,10,16,22,Learn More,159,4.015151515151516,40.151515151515156
P0362,2025-06-05,D008,Pediatrics,Newborn Care,Reel/Video,1890,85,12,11,13,Read More,121,6.402116402116402,64.02116402116403
P0363,2025-10-07,D025,Cardiology,Heart Health,Flyer,2628,149,16,16,21,Learn More,202,7.686453576864535,76.86453576864535
P0364,2025-11-12,D024,Cardiology,Cholesterol,Reel/Video,4565,210,30,30,39,Save Post,309,6.768893756845563,67.68893756845563
P0365,2025-02-23,D004,Diabetology,Diabetes,Educational Post,5752,215,39,18,43,No CTA,315,5.476356050069541,54.76356050069541
P0366,2025-08-15,D019,Dermatology,Skin Allergy,Flyer,7590,465,58,68,85,Save Post,676,8.906455862977602,89.06455862977603
P0367,2025-06-09,D010,Pediatrics,Child Nutrition,Carousel,3639,122,10,11,19,No CTA,162,4.451772464962902,44.51772464962902
P0368,2025-09-03,D010,Pediatrics,Vaccination,Reel/Video,1578,91,11,9,16,Book Appointment,127,8.048162230671736,80.48162230671737
P0369,2025-03-15,D004,Diabetology,Diabetes,Flyer,4592,134,14,10,29,Save Post,187,4.072299651567944,40.72299651567944
P0370,2025-02-02,D001,Diabetology,Insulin,Flyer,7720,256,26,33,31,Read More,346,4.481865284974093,44.81865284974093
P0371,2025-12-05,D006,Pediatrics,Newborn Care,Flyer,9098,393,38,48,81,Contact Doctor,560,6.155198944823038,61.55198944823038
P0372,2025-02-11,D023,Cardiology,Blood Pressure,Reel/Video,7246,204,20,25,36,Save Post,285,3.933204526635385,39.33204526635385
P0373,2025-01-02,D016,Dermatology,Skin Allergy,Reel/Video,2589,175,17,14,28,Contact Doctor,234,9.038238702201621,90.38238702201622
P0374,2025-09-18,D001,Diabetology,Diabetes,Static Post,5874,278,28,29,56,Book Appointment,391,6.656452162070139,66.5645216207014
P0375,2025-09-02,D021,Cardiology,Cholesterol,Static Post,4412,232,23,33,36,Book Appointment,324,7.343608340888485,73.43608340888485
P0376,2025-11-23,D008,Pediatrics,Newborn Care,Carousel,9636,474,46,50,83,Book Appointment,653,6.776670817766709,67.76670817766708
P0377,2025-01-16,D009,Pediatrics,Vaccination,Static Post,3969,204,25,33,39,Learn More,301,7.583774250440917,75.83774250440916
P0378,2025-02-19,D003,Diabetology,HbA1c,Carousel,7968,484,52,67,94,Contact Doctor,697,8.747489959839358,87.47489959839358
P0379,2025-04-24,D011,Neurology,Sleep,Flyer,6729,122,16,13,22,No CTA,173,2.5709615098825975,25.709615098825978
P0380,2025-05-21,D008,Pediatrics,Immunity,Educational Post,4878,269,29,36,39,Book Appointment,373,7.646576465764658,76.46576465764659
P0381,2025-03-07,D007,Pediatrics,Vaccination,Educational Post,5396,211,28,22,34,Contact Doctor,295,5.467012601927354,54.67012601927353
P0382,2025-03-26,D017,Dermatology,Acne,Flyer,2439,83,6,5,20,No CTA,114,4.674046740467404,46.74046740467404
P0383,2025-11-24,D024,Cardiology,Heart Attack,Static Post,6685,199,24,30,29,Learn More,282,4.218399401645475,42.18399401645475
P0384,2025-04-17,D006,Pediatrics,Fever,Carousel,5164,310,30,27,52,Read More,419,8.113865220759102,81.13865220759102
P0385,2025-07-13,D012,Neurology,Memory,Static Post,2299,70,11,8,16,Contact Doctor,105,4.5672031317964334,45.67203131796433
P0386,2025-08-25,D028,General Medicine,Weight Loss,Carousel,5608,417,46,48,75,Learn More,586,10.449358059914408,104.49358059914408
P0387,2025-09-18,D027,General Medicine,Weight Loss,Static Post,5080,260,22,32,54,Save Post,368,7.244094488188976,72.44094488188976
P0388,2025-09-14,D018,Dermatology,Hair Loss,Carousel,4155,224,29,31,44,Book Appointment,328,7.894103489771359,78.94103489771359
P0389,2025-06-08,D025,Cardiology,Blood Pressure,Educational Post,7587,402,44,63,74,Learn More,583,7.684196652168182,76.84196652168183
P0390,2025-06-15,D024,Cardiology,Heart Health,Carousel,3759,159,16,15,19,Book Appointment,209,5.55998935887204,55.599893588720406
P0391,2025-05-18,D016,Dermatology,Sunscreen,Carousel,4573,255,26,31,48,Contact Doctor,360,7.872293898972228,78.72293898972228
P0392,2025-01-22,D029,General Medicine,Immunity,Static Post,3522,158,15,20,21,Book Appointment,214,6.076093128904032,60.760931289040315
P0393,2025-04-05,D003,Diabetology,Diabetic Diet,Educational Post,2027,87,2,7,8,Book Appointment,104,5.130735076467687,51.30735076467686
P0394,2025-05-23,D019,Dermatology,Skin Allergy,Reel/Video,5157,344,47,54,77,No CTA,522,10.12216404886562,101.2216404886562
P0395,2025-01-09,D022,Cardiology,Heart Health,Educational Post,2376,111,13,17,15,Book Appointment,156,6.565656565656567,65.65656565656566
P0396,2025-12-26,D022,Cardiology,Blood Pressure,Reel/Video,4590,237,22,35,39,Contact Doctor,333,7.254901960784315,72.54901960784315
P0397,2025-02-21,D008,Pediatrics,Immunity,Static Post,3032,161,22,21,34,Read More,238,7.849604221635883,78.49604221635883
P0398,2025-10-05,D022,Cardiology,Heart Health,Flyer,4741,262,27,31,40,No CTA,360,7.593334739506433,75.93334739506433
P0399,2025-12-25,D030,General Medicine,Fever,Carousel,1849,66,12,11,10,No CTA,99,5.354245538128718,53.54245538128718
P0400,2025-06-22,D022,Cardiology,ECG,Reel/Video,3523,87,12,15,17,Save Post,131,3.7184217996026114,37.18421799602611
P0401,2025-10-11,D026,General Medicine,Weight Loss,Reel/Video,3308,162,19,23,35,Book Appointment,239,7.22490931076179,72.2490931076179
P0402,2025-11-14,D016,Dermatology,Eczema,Static Post,7391,360,39,43,59,Save Post,501,6.778514409416858,67.78514409416859
P0403,2025-02-26,D019,Dermatology,Skin Allergy,Carousel,6630,381,47,66,59,No CTA,553,8.340874811463046,83.40874811463047
P0404,2025-10-20,D023,Cardiology,Blood Pressure,Educational Post,3408,156,15,16,24,No CTA,211,6.19131455399061,61.913145539906104
P0405,2025-04-14,D012,Neurology,Stroke,Static Post,4203,74,12,11,12,Contact Doctor,109,2.593385676897454,25.933856768974543
P0406,2025-03-17,D003,Diabetology,Diabetes,Flyer,1568,72,9,7,15,Contact Doctor,103,6.568877551020408,65.68877551020408
P0407,2025-04-06,D005,Diabetology,Diabetic Diet,Static Post,5807,115,9,10,20,Learn More,154,2.6519717582228344,26.519717582228342
P0408,2025-02-04,D025,Cardiology,ECG,Carousel,4292,157,11,22,23,No CTA,213,4.962721342031687,49.62721342031687
P0409,2025-01-06,D013,Neurology,Stroke,Static Post,4079,136,17,19,24,Save Post,196,4.805099289041432,48.05099289041432
P0410,2025-02-21,D017,Dermatology,Hair Loss,Static Post,4457,196,25,27,31,No CTA,279,6.259816019744223,62.598160197442226
P0411,2025-04-15,D022,Cardiology,ECG,Static Post,8947,390,54,55,79,Read More,578,6.460266010953392,64.60266010953391
P0412,2025-05-18,D005,Diabetology,Blood Sugar,Reel/Video,5358,374,37,39,69,Contact Doctor,519,9.686450167973124,96.86450167973125
P0413,2025-08-26,D020,Dermatology,Hair Loss,Carousel,5541,246,29,29,50,Read More,354,6.388738494856525,63.88738494856525
P0414,2025-01-03,D010,Pediatrics,Vaccination,Carousel,4883,306,33,42,47,Book Appointment,428,8.765103420028671,87.6510342002867
P0415,2025-07-14,D012,Neurology,Migraine,Educational Post,2644,110,16,16,24,No CTA,166,6.278366111951589,62.78366111951589
P0416,2025-10-18,D005,Diabetology,HbA1c,Reel/Video,7662,463,43,61,83,Read More,650,8.48342469329157,84.83424693291569
P0417,2025-11-11,D029,General Medicine,Dehydration,Carousel,4825,210,30,30,35,Save Post,305,6.321243523316062,63.212435233160626
P0418,2025-10-28,D002,Diabetology,Insulin,Static Post,3869,104,14,14,16,Save Post,148,3.825277849573533,38.25277849573533
P0419,2025-12-15,D023,Cardiology,ECG,Static Post,3719,168,19,35,35,No CTA,257,6.91045980102178,69.1045980102178
P0420,2025-05-02,D008,Pediatrics,Child Nutrition,Static Post,3392,191,22,26,39,Read More,278,8.195754716981133,81.95754716981132
P0421,2025-10-23,D023,Cardiology,Blood Pressure,Carousel,3541,172,19,21,32,No CTA,244,6.890708839310928,68.90708839310929
P0422,2025-11-22,D002,Diabetology,HbA1c,Static Post,5042,206,17,17,32,Learn More,272,5.39468464894883,53.946846489488294
P0423,2025-04-27,D026,General Medicine,Immunity,Carousel,2091,79,4,5,19,No CTA,107,5.117168818747011,51.17168818747011
P0424,2025-10-04,D004,Diabetology,Diabetes,Carousel,1789,59,6,6,20,Contact Doctor,91,5.086640581330352,50.866405813303516
P0425,2025-01-27,D001,Diabetology,HbA1c,Reel/Video,1008,70,9,4,14,Book Appointment,97,9.623015873015873,96.23015873015873
P0426,2025-08-04,D002,Diabetology,Diabetes,Educational Post,1606,83,10,9,18,Contact Doctor,120,7.4719800747198,74.71980074719801
P0427,2025-11-21,D017,Dermatology,Sunscreen,Educational Post,8230,359,39,44,71,Read More,513,6.233292831105711,62.33292831105711
P0428,2025-10-14,D018,Dermatology,Skin Allergy,Static Post,7159,314,37,36,54,Read More,441,6.160078223215533,61.60078223215533
P0429,2025-01-27,D016,Dermatology,Hair Loss,Static Post,5028,198,32,21,39,Contact Doctor,290,5.767700875099443,57.677008750994425
P0430,2025-06-20,D026,General Medicine,Fever,Static Post,8303,382,26,49,59,Learn More,516,6.214621221245333,62.146212212453335
P0431,2025-02-16,D028,General Medicine,Immunity,Static Post,3914,114,18,15,18,Read More,165,4.215636177823199,42.15636177823199
P0432,2025-06-28,D017,Dermatology,Eczema,Reel/Video,2015,114,14,24,17,Read More,169,8.38709677419355,83.87096774193549
P0433,2025-05-28,D019,Dermatology,Eczema,Carousel,3311,133,16,13,23,Read More,185,5.58743581999396,55.8743581999396
P0434,2025-08-02,D024,Cardiology,Heart Health,Static Post,5830,203,25,19,37,No CTA,284,4.871355060034306,48.713550600343055
P0435,2025-12-02,D027,General Medicine,Immunity,Carousel,5157,295,24,32,60,Contact Doctor,411,7.969749854566609,79.6974985456661
P0436,2025-09-10,D020,Dermatology,Acne,Carousel,8421,466,54,68,82,Read More,670,7.956299726873294,79.56299726873293
P0437,2025-02-16,D009,Pediatrics,Fever,Static Post,10266,275,43,41,42,Contact Doctor,401,3.906097798558348,39.06097798558348
P0438,2025-01-18,D012,Neurology,Headache,Reel/Video,9134,398,33,48,65,Read More,544,5.95576965185023,59.5576965185023
P0439,2025-12-10,D010,Pediatrics,Newborn Care,Flyer,3275,101,18,17,16,Contact Doctor,152,4.641221374045801,46.412213740458014
P0440,2025-02-27,D030,General Medicine,Weight Loss,Flyer,3356,129,12,17,18,Read More,176,5.244338498212158,52.44338498212157
P0441,2025-10-14,D010,Pediatrics,Child Nutrition,Static Post,9989,528,61,77,120,Book Appointment,786,7.86865552107318,78.6865552107318
P0442,2025-01-11,D008,Pediatrics,Immunity,Flyer,4153,202,21,32,34,Save Post,289,6.958824945822298,69.58824945822298
P0443,2025-12-24,D020,Dermatology,Eczema,Educational Post,3749,217,19,27,38,No CTA,301,8.028807682048546,80.28807682048546
P0444,2025-02-10,D028,General Medicine,Immunity,Static Post,3469,219,20,34,38,Save Post,311,8.965119631017584,89.65119631017585
P0445,2025-02-04,D005,Diabetology,Insulin,Carousel,3043,212,23,28,46,Save Post,309,10.15445284258955,101.54452842589549
P0446,2025-11-21,D012,Neurology,Migraine,Carousel,2647,123,14,15,29,Contact Doctor,181,6.837929731771817,68.37929731771818
P0447,2025-11-28,D018,Dermatology,Eczema,Educational Post,8715,363,49,33,68,No CTA,513,5.886402753872633,58.86402753872633
P0448,2025-04-12,D028,General Medicine,Immunity,Carousel,7827,302,27,38,49,No CTA,416,5.314935479749585,53.14935479749585
P0449,2025-07-04,D009,Pediatrics,Vaccination,Educational Post,2834,173,25,19,32,Save Post,249,8.786167960479888,87.86167960479888
P0450,2025-09-04,D021,Cardiology,Heart Attack,Reel/Video,3865,219,26,38,49,No CTA,332,8.589909443725743,85.89909443725743
P0451,2025-04-06,D018,Dermatology,Eczema,Carousel,3550,159,20,15,29,Book Appointment,223,6.28169014084507,62.8169014084507
P0452,2025-01-03,D009,Pediatrics,Vaccination,Static Post,8059,471,56,68,68,Contact Doctor,663,8.226827149770441,82.26827149770442
P0453,2025-06-09,D026,General Medicine,Fever,Educational Post,2241,68,5,10,22,Learn More,105,4.685408299866131,46.85408299866131
P0454,2025-06-26,D007,Pediatrics,Vaccination,Carousel,4579,105,12,19,19,Book Appointment,155,3.385018563005023,33.850185630050234
P0455,2025-06-20,D010,Pediatrics,Fever,Reel/Video,5160,192,20,24,31,No CTA,267,5.174418604651162,51.74418604651162
P0456,2025-04-02,D013,Neurology,Sleep,Carousel,4022,172,22,24,29,Learn More,247,6.1412232720039786,61.41223272003978
P0457,2025-07-12,D024,Cardiology,Cholesterol,Flyer,1760,124,10,16,9,No CTA,159,9.03409090909091,90.3409090909091
P0458,2025-02-01,D023,Cardiology,Heart Attack,Reel/Video,4984,367,42,41,69,Book Appointment,519,10.413322632423757,104.13322632423757
P0459,2025-06-08,D005,Diabetology,Diabetes,Flyer,1585,70,11,10,11,Read More,102,6.435331230283911,64.35331230283911
P0460,2025-12-08,D007,Pediatrics,Child Nutrition,Carousel,6771,369,48,43,68,Book Appointment,528,7.797961896322551,77.97961896322552
P0461,2025-01-26,D006,Pediatrics,Fever,Flyer,9286,296,36,48,62,Learn More,442,4.7598535429679085,47.59853542967909
P0462,2025-03-14,D016,Dermatology,Skin Allergy,Carousel,4066,191,20,15,21,Book Appointment,247,6.074766355140187,60.74766355140187
P0463,2025-11-27,D021,Cardiology,Cholesterol,Carousel,2181,129,12,6,16,Book Appointment,163,7.473635946813388,74.73635946813388
P0464,2025-05-13,D023,Cardiology,Blood Pressure,Static Post,3809,235,24,45,42,No CTA,346,9.08374901548963,90.8374901548963
P0465,2025-07-22,D030,General Medicine,Weight Loss,Carousel,3508,204,26,28,41,Contact Doctor,299,8.523375142531357,85.23375142531357
P0466,2025-06-27,D009,Pediatrics,Immunity,Educational Post,3290,78,7,4,22,Save Post,111,3.3738601823708207,33.73860182370821
P0467,2025-11-10,D002,Diabetology,Insulin,Flyer,7811,406,54,61,69,Contact Doctor,590,7.553450262450391,75.53450262450392
P0468,2025-04-11,D029,General Medicine,Fever,Reel/Video,6467,407,41,57,83,Book Appointment,588,9.092314829132519,90.92314829132519
P0469,2025-12-21,D002,Diabetology,Diabetes,Carousel,7725,475,57,64,70,Book Appointment,666,8.62135922330097,86.21359223300972
P0470,2025-08-15,D010,Pediatrics,Newborn Care,Static Post,6096,257,26,31,36,Contact Doctor,350,5.741469816272966,57.41469816272966
P0471,2025-02-26,D015,Neurology,Headache,Reel/Video,4313,217,26,34,46,Save Post,323,7.488986784140969,74.8898678414097
P0472,2025-01-27,D003,Diabetology,Diabetes,Flyer,3248,194,26,35,33,No CTA,288,8.866995073891626,88.66995073891626
P0473,2025-06-12,D018,Dermatology,Eczema,Educational Post,4050,78,11,9,13,Learn More,111,2.740740740740741,27.40740740740741
P0474,2025-11-01,D002,Diabetology,Diabetes,Flyer,4139,221,23,32,35,Read More,311,7.513892244503503,75.13892244503504
P0475,2025-06-17,D016,Dermatology,Acne,Educational Post,1517,48,4,8,4,Contact Doctor,64,4.218852999340804,42.18852999340804
P0476,2025-07-13,D023,Cardiology,ECG,Carousel,5125,238,33,30,51,Read More,352,6.86829268292683,68.6829268292683
P0477,2025-03-09,D020,Dermatology,Skin Allergy,Educational Post,7535,237,33,26,58,Contact Doctor,354,4.698075646980756,46.98075646980757
P0478,2025-08-11,D014,Neurology,Memory,Flyer,3602,118,12,10,27,Read More,167,4.636313159355914,46.36313159355913
P0479,2025-10-03,D008,Pediatrics,Vaccination,Reel/Video,3082,212,36,18,46,Contact Doctor,312,10.123296560674886,101.23296560674886
P0480,2025-10-12,D029,General Medicine,Immunity,Carousel,2205,94,7,13,18,Learn More,132,5.986394557823129,59.86394557823129
